,metro_area/city,Per Capita Income,Pop
1,"aberdeen, sd","30,802",28257
2,"aberdeen, wa","23,090",16756
3,"abilene, tx",24529,123420
4,"ada, ok",23538,17235
5,"adrian, mi",20799,20600
6,"akron, oh",24688,197597
7,"alamogordo, nm",24999,31980
8,"albany, ga",20313,72130
9,"albany, or",29664,55338
10,"albany-schenectady-troy, ny",26440,70295
11,"albemarle, nc",24110,16246
12,"albert lea, mn",25844,17656
13,"albertville, al",20638,21711
14,"albuquerque, nm",30403,560513
15,"alexandria, la",27962,46180
16,"alexandria, mn",32468,13822
17,"alice, tx",21822,18682
18,"allentown-bethlehem-easton, pa-nj",25286,74815
19,"alma, mi",20237,8890
20,"alpena, mi",23446,9956
21,"altoona, pa",24410,43364
22,"altus, ok",24811,18338
23,"amarillo, tx",28274,199371
24,"americus, ga",18774,15108
25,"ames, ia",26548,66258
26,"amsterdam, ny",21978,17766
27,"anchorage, ak",41415,288000
28,"andrews, tx",28871,14109
29,"angola, in",23714,8732
30,"ann arbor, mi",42674,119980
31,"anniston-oxford-jacksonville, al",25368,18352
32,"appleton, wi",31313,74098
33,"arcadia, fl",17360,8314
34,"ardmore, ok",25982,24698
35,"arkadelphia, ar",17052,10726
36,"arkansas city-winfield, ks",22125,11806
37,"asheville, nc",33176,92870
38,"ashland, oh",25941,20275
39,"ashtabula, oh",18454,18017
40,"astoria, or",31108,10015
41,"atchison, ks",24237,16073
42,"athens, oh",16321,24536
43,"athens, tn",20823,14020
44,"athens, tx",21147,12753
45,"athens-clarke county, ga",23726,126913
46,"atlanta-sandy springs-roswell, ga",53091,237008
47,"atlantic city-hammonton, nj",27165,25838
48,"auburn, in",29101,13484
49,"auburn, ny",24902,26173
50,"auburn-opelika, al",27404,48583
51,"augusta-richmond county, ga-sc",22709,197888
52,"augusta-waterville, me",27501,17627
53,"austin, mn",27965,25233
54,"austin-round rock, tx",38904,556140
55,"bainbridge, ga",19025,12081
56,"bakersfield, ca",27060,384145
57,"baltimore-columbia-towson, md",43368,249434
58,"bangor, me",31412,32262
59,"baraboo, wi",29844,12165
60,"bardstown, ky",33674,13253
61,"barnstable town, ma",42596,44477
62,"barre, vt",24945,8528
63,"bartlesville, ok",30903,36144
64,"bastrop, la",12672,10023
65,"batavia, ny",25945,14379
66,"batesville, ar",25503,10878
67,"baton rouge, la",28491,220236
68,"battle creek, mi",24913,51093
69,"bay city, mi",22213,32717
70,"bay city, tx",24350,17535
71,"beatrice, ne",27187,12279
72,"beaumont-port arthur, tx",23939,85552
73,"beaver dam, wi",28172,16403
74,"beckley, wv",25478,15940
75,"bedford, in",24763,13212
76,"beeville, tx",18287,12793
77,"bellefontaine, oh",26016,13249
78,"bellingham, wa",30791,92314
79,"bemidji, mn",21628,15434
80,"bend-redmond, or",32143,66421
81,"bennettsville, sc",15702,7730
82,"bennington, vt",28900,9074
83,"berlin, nh-vt",21057,10122
84,"big rapids, mi",15322,10363
85,"big spring, tx",21873,28187
86,"big stone gap, va",24586,5132
87,"billings, mt",34178,109577
88,"binghamton, ny",23921,44399
89,"birmingham-hoover, al",35005,147585
90,"bismarck, nd",37487,73529
91,"blackfoot, id",22948,12034
92,"blacksburg-christiansburg-radford, va",26542,28318
93,"bloomington, il",38188,77330
94,"bloomington, in",23816,85755
95,"bloomsburg-berwick, pa",20975,11857
96,"bluefield, wv-va",22122,9629
97,"blytheville, ar",21100,13455
98,"bogalusa, la",18830,11504
99,"boise city, id",34636,228959
100,"boone, ia",29866,12384
101,"boone, nc",16871,19667
102,"borger, tx",22278,12415
103,"boston-cambridge-newton, ma-nh",58838,299980
104,"boulder, co",44942,105673
105,"bowling green, ky",24083,70543
106,"bozeman, mt",32865,49831
107,"bradford, pa",24433,8210
108,"brainerd, mn",23714,13434
109,"branson, mo",24285,11630
110,"breckenridge, co",86637,4905
111,"bremerton-silverdale, wa",34849,30304
112,"brenham, tx",25830,17863
113,"brevard, nc",27898,7926
114,"bridgeport-stamford-norwalk, ct",43071,144399
115,"brookhaven, ms",22538,11947
116,"brookings, or",28686,6480
117,"brookings, sd",26914,24415
118,"brownsville-harlingen, tx",17892,123901
119,"brownwood, tx",23657,18455
120,"brunswick, ga",21199,16256
121,"bucyrus, oh",24125,11764
122,"buffalo-cheektowaga-niagara falls, ny",26212,126060
123,"burley, id",18658,10582
124,"burlington, ia-il",28360,24713
125,"burlington, nc",26960,54606
126,"burlington-south burlington, vt",36086,31164
127,"butte-silver bow, mt",27669,34207
128,"cadillac, mi",22555,10497
129,"calhoun, ga",24231,17271
130,"california-lexington park, md",38114,11741
131,"cambridge, md",24074,12260
132,"cambridge, oh",19890,10829
133,"camden, ar",18753,10749
134,"campbellsville, ky",22345,11482
135,"canton, il",27125,13506
136,"canton-massillon, oh",22344,51515
137,"cape coral-fort myers, fl",29980,140799
138,"cape girardeau, mo-il",26417,40559
139,"carbondale-marion, il",23559,21301
140,"carlsbad-artesia, nm",29188,21083
141,"carson city, nv",31549,55916
142,"casper, wy",33618,57931
143,"ca–on city, co",25232,16725
144,"cedar city, ut",22355,34764
145,"cedar rapids, ia",32290,133562
146,"cedartown, ga",21063,9997
147,"celina, oh",25987,10425
148,"centralia, il",23435,12210
149,"centralia, wa",23380,17745
150,"chambersburg-waynesboro, pa",25174,16014
151,"champaign-urbana, il",27467,65561
152,"charleston, wv",35412,46536
153,"charleston-mattoon, il",24658,18866
154,"charleston-north charleston, sc",33975,126474
155,"charlotte-concord-gastonia, nc-sc",32563,353107
156,"charlottesville, va",38328,47266
157,"chattanooga, tn-ga",30592,182799
158,"cheyenne, wy",35637,64235
159,"chicago-naperville-elgin, il-in-wi",40589,984424
160,"chico, ca",30080,103301
161,"chillicothe, oh",27066,21722
162,"cincinnati, oh-ky-in",30531,303940
163,"claremont-lebanon, nh-vt",34181,13291
164,"clarksburg, wv",23291,15225
165,"clarksdale, ms",17788,14894
166,"clarksville, tn-ky",25239,158146
167,"clearlake, ca",16778,15267
168,"cleveland, ms",23377,11073
169,"cleveland, tn",25939,45504
170,"cleveland-elyria, oh",22833,217383
171,"clewiston, fl",24906,8020
172,"clinton, ia",26604,25093
173,"clovis, nm",22094,38319
174,"coeur d'alene, id",28735,52414
175,"coffeyville, ks",22713,9275
176,"coldwater, mi",20806,12215
177,"college station-bryan, tx",26019,102093
178,"colorado springs, co",34076,478221
179,"columbia, mo",30244,123195
180,"columbia, sc",30461,131674
181,"columbus, ga-al",26097,195769
182,"columbus, in",33342,48046
183,"columbus, ms",24162,23573
184,"columbus, ne",29134,23468
185,"columbus, oh",29322,898553
186,"concord, nh",35768,43627
187,"connersville, in",20671,12796
188,"cookeville, tn",23092,34706
189,"coos bay, or",30087,16361
190,"cordele, ga",16746,10521
191,"corinth, ms",26069,14472
192,"cornelia, ga",25708,4375
193,"corning, ny",34232,10538
194,"corpus christi, tx",28025,326586
195,"corsicana, tx",21343,23906
196,"cortland, ny",21948,18670
197,"corvallis, or",30615,58856
198,"coshocton, oh",24340,11051
199,"craig, co",28985,9022
200,"crawfordsville, in",23603,16118
201,"crescent city, ca",12143,6787
202,"crestview-fort walton beach-destin, fl",34562,20680
203,"crossville, tn",22592,11779
204,"cullman, al",26391,16034
205,"cullowhee, nc",9728,6228
206,"cumberland, md-wv",23343,19284
207,"dallas-fort worth-arlington, tx",30831,884004
208,"dalton, ga",23795,33665
209,"danville, il",21055,30479
210,"danville, ky",23235,16769
211,"danville, va",22826,40044
212,"daphne-fairhope-foley, al",34104,23312
213,"davenport-moline-rock island, ia-il",28750,60040
214,"dayton, oh",33622,26869
215,"dayton, tn",19872,140407
216,"decatur, al",17561,7358
217,"decatur, il",27998,54445
218,"decatur, in",26571,70746
219,"defiance, oh",23059,9858
220,"del rio, tx",20660,35760
221,"deltona-daytona beach-ormond beach, fl",27178,68567
222,"deming, nm",17090,13880
223,"denver-aurora-lakewood, co",37628,421478
224,"deridder, la",24920,10588
225,"des moines-west des moines, ia",37393,141068
226,"detroit-warren-dearborn, mi",22789,299302
227,"dickinson, nd",37091,23133
228,"dixon, il",23165,15115
229,"dodge city, ks",22075,27104
230,"dothan, al",28980,68941
231,"douglas, ga",18827,11695
232,"dover, de",25130,38166
233,"dublin, ga",19481,15881
234,"dubois, pa",26473,7364
235,"dubuque, ia",29135,57882
236,"duluth, mn-wi",31216,85618
237,"dumas, tx",24675,13827
238,"duncan, ok",25139,22344
239,"dunn, nc",21180,9718
240,"durango, co",41509,18973
241,"durant, ok",21635,18673
242,"durham-chapel hill, nc",38407,171522
243,"dyersburg, tn",28661,16314
244,"eagle pass, tx",18898,29684
245,"east stroudsburg, pa",26679,10433
246,"easton, md",36362,16671
247,"eau claire, wi",29252,68802
248,"edwards, co",42942,10266
249,"effingham, il",29637,12511
250,"el campo, tx",27783,11539
251,"el centro, ca",19465,44079
252,"el dorado, ar",24370,17651
253,"el paso, tx",22734,681728
254,"elizabeth city, nc",19691,17751
255,"elizabethtown-fort knox, ky",29417,20206
256,"elk city, ok",25603,11577
257,"elkhart-goshen, in",21695,43287
258,"elkins, wv",22338,6990
259,"elko, nv",35270,20452
260,"ellensburg, wa",21266,21111
261,"elmira, ny",18207,27054
262,"emporia, ks",24696,24598
263,"enid, ok",27071,49688
264,"enterprise, al",29585,28376
265,"erie, pa",21599,95508
266,"escanaba, mi",23440,12160
267,"espa–ola, nm",21349,10044
268,"eugene, or",31021,172622
269,"eureka-arcata-fortuna, ca",25871,19133
270,"evanston, wy",26221,11641
271,"evansville, in-ky",24675,117979
272,"fairbanks, ak",31060,30917
273,"fairfield, ia",27974,10425
274,"fairmont, wv",23181,18388
275,"fallon, nv",25003,8645
276,"fargo, nd-mn",35205,124662
277,"faribault-northfield, mn",27554,22319
278,"farmington, mo",21656,19113
279,"farmington, nm",26960,44372
280,"fayetteville, nc",24823,211657
281,"fayetteville-springdale-rogers, ar-mo",29046,79128
282,"fergus falls, mn",29683,13794
283,"fernley, nv",27783,21476
284,"findlay, oh",31237,41225
285,"fitzgerald, ga",14992,8662
286,"flagstaff, az",26954,75038
287,"flint, mi",17086,95538
288,"florence, sc",30530,38531
289,"florence-muscle shoals, al",27343,27686
290,"fond du lac, wi",28311,43263
291,"forest city, nc",19509,7162
292,"forrest city, ar",14742,13820
293,"fort collins, co",34482,170243
294,"fort dodge, ia",24280,23888
295,"fort leonard wood, mo",21277,15061
296,"fort madison-keokuk, ia-il-mo",23890,10239
297,"fort morgan, co",22169,11463
298,"fort polk south, la",19938,9038
299,"fort smith, ar-ok",25487,87891
300,"fort wayne, in",26970,270402
301,"frankfort, in",20975,15884
302,"frankfort, ky",29288,27755
303,"fredericksburg, tx",33577,11496
304,"freeport, il",24576,23775
305,"fremont, ne",26106,26383
306,"fremont, oh",22203,15917
307,"fresno, ca",23564,531576
308,"gadsden, al",21312,35000
309,"gaffney, sc",17543,12609
310,"gainesville, fl",23018,133997
311,"gainesville, ga",26411,43232
312,"gainesville, tx",20574,16886
313,"galesburg, il",21537,30197
314,"gallup, nm",23146,21493
315,"garden city, ks",24037,26408
316,"gardnerville ranchos, nv",30913,11312
317,"georgetown, sc",21243,8742
318,"gettysburg, pa",20658,7724
319,"gillette, wy",32783,32030
320,"glasgow, ky",20426,14485
321,"glens falls, ny",29734,14262
322,"glenwood springs, co",33582,9930
323,"gloversville, ny",21140,14747
324,"goldsboro, nc",22420,34186
325,"grand forks, nd-mn",31718,55839
326,"grand island, ne",27203,51267
327,"grand junction, co",30452,63597
328,"grand rapids, mi",26120,201013
329,"grants pass, or",23806,38170
330,"grants, nm",22185,8942
331,"great bend, ks",25988,14974
332,"great falls, mt",30130,58434
333,"greeley, co",26222,108649
334,"green bay, wi",26618,104578
335,"greeneville, tn",23728,14891
336,"greenfield town, ma",32474,17258
337,"greensboro-high point, nc",27915,204750
338,"greensburg, in",27291,11891
339,"greenville, ms",19520,29085
340,"greenville, nc",25906,93400
341,"greenville, oh",24589,12615
342,"greenville-anderson-mauldin, sc",32809,41240
343,"greenwood, ms",21709,13561
344,"greenwood, sc",18885,23403
345,"grenada, ms",21084,12219
346,"gulfport-biloxi-pascagoula, ms",24692,46538
347,"guymon, ok",19455,10996
348,"hagerstown-martinsburg, md-wv",24139,28777
349,"hailey, id",24046,8689
350,"hammond, la",21394,21437
351,"hanford-corcoran, ca",18644,39831
352,"hannibal, mo",23360,17346
353,"harrisburg-carlisle, pa",26642,34234
354,"harrison, ar",22896,13080
355,"harrisonburg, va",23202,53016
356,"hartford-west hartford-east hartford, ct",35623,78875
357,"hastings, ne",28156,24692
358,"hattiesburg, ms",21673,45863
359,"hays, ks",29115,20744
360,"heber, ut",27584,17082
361,"helena, mt",35976,33124
362,"helena-west helena, ar",15550,10299
363,"henderson, nc",22170,14911
364,"hereford, tx",20930,14622
365,"hermiston-pendleton, or",23572,17285
366,"hickory-lenoir-morganton, nc",24488,25220
367,"hillsdale, mi",21064,8003
368,"hilo, hi",29915,43263
369,"hilton head island-bluffton-beaufort, sc",42737,26284
370,"hinesville, ga",22555,33273
371,"hobbs, nm",25437,39141
372,"holland, mi",27225,33216
373,"homosassa springs, fl",23445,13791
374,"hood river, or",37026,7801
375,"hot springs, ar",24562,38797
376,"houghton, mi",16354,7754
377,"houma-thibodaux, la",26919,23560
378,"houston-the woodlands-sugar land, tx",46662,850858
379,"hudson, ny",25033,6072
380,"huntingdon, pa",21146,6937
381,"huntington, in",21866,17138
382,"huntington-ashland, wv-ky-oh",22824,32628
383,"huntsville, al",35634,200574
384,"huntsville, tx",15065,42241
385,"huron, sd",24253,13380
386,"hutchinson, ks",26472,40383
387,"hutchinson, mn",35834,13983
388,"idaho falls, id",28520,62888
389,"indiana, pa",16396,13167
390,"indianapolis-carmel-anderson, in",37117,344072
391,"indianola, ms",16911,9037
392,"ionia, mi",15624,11168
393,"iowa city, ia",29284,75130
394,"iron mountain, mi-wi",25997,7309
395,"ithaca, ny",22600,30837
396,"jackson, mi",19986,32440
397,"jackson, ms",21906,160628
398,"jackson, oh",23201,6230
399,"jackson, tn",25595,67191
400,"jackson, wy-id",40192,10559
401,"jacksonville, fl",30064,911507
402,"jacksonville, il",23517,18603
403,"jacksonville, nc",23092,72436
404,"jacksonville, tx",18800,14815
405,"jamestown, nd",28980,15084
406,"jamestown-dunkirk-fredonia, ny",23040,17039
407,"janesville-beloit, wi",25908,50750
408,"jasper, in",33693,15724
409,"jefferson city, mo",28073,42708
410,"jefferson, ga",30462,12032
411,"jesup, ga",19317,9841
412,"johnson city, tn",30939,66906
413,"johnstown, pa",16684,19195
414,"jonesboro, ar",26813,78394
415,"joplin, mo",26448,50925
416,"junction city, ks",25035,21482
417,"juneau, ak",43680,31974
418,"kahului-wailuku-lahaina, hi",29352,17784
419,"kalamazoo-portage, mi",29776,62822
420,"kalispell, mt",26865,24565
421,"kankakee, il",20347,26024
422,"kansas city, mo-ks",27146,324143
423,"kapaa, hi",33995,10699
424,"kearney, ne",30014,33867
425,"keene, nh",30993,22786
426,"kendallville, in",22813,9894
427,"kennett, mo",25248,10094
428,"kennewick-richland, wa",33915,71286
429,"kerrville, tx",29685,23754
430,"ketchikan, ak",34590,8284
431,"key west, fl",44387,24118
432,"kill devil hills, nc",30885,7333
433,"killeen-temple, tx",25437,115052
434,"kingsport-bristol-bristol, tn-va",26307,32625
435,"kingston, ny",27716,22793
436,"kingsville, tx",22011,25315
437,"kinston, nc",26578,20041
438,"kirksville, mo",19351,17602
439,"klamath falls, or",24534,21753
440,"knoxville, tn",26340,187603
441,"kokomo, in",26398,58020
442,"la crosse-onalaska, wi-mn",32964,35085
443,"la grande, or",24663,13614
444,"laconia, nh",33387,16581
445,"lafayette, la",32998,126185
446,"lafayette-west lafayette, in",23619,61358
447,"lagrange, ga",20494,30305
448,"lake charles, la",29254,78396
449,"lake city, fl",23465,12352
450,"lake havasu city-kingman, az",29682,37226
451,"lakeland-winter haven, fl",26897,78545
452,"lamesa, tx",22062,9147
453,"lancaster, pa",22295,59265
454,"lansing-east lansing, mi",22171,83177
455,"laramie, wy",26255,32711
456,"laredo, tx",18771,262491
457,"las cruces, nm",24103,103432
458,"las vegas, nm",20080,12919
459,"las vegas-henderson-paradise, nv",32886,398225
460,"laurel, ms",21534,18338
461,"laurinburg, nc",18581,15002
462,"lawrence, ks",31228,98193
463,"lawrenceburg, tn",21654,11035
464,"lawton, ok",24482,93025
465,"lebanon, mo",20696,14798
466,"lebanon, pa",19479,25879
467,"levelland, tx",23439,13502
468,"lewisburg, pa",28210,5708
469,"lewisburg, tn",21177,12368
470,"lewiston, id-wa",29325,32788
471,"lewiston-auburn, me",28376,29819
472,"lewistown, pa",21561,8125
473,"lexington, ne",21262,10115
474,"lexington-fayette, ky",34442,323152
475,"liberal, ks",20606,19174
476,"lima, oh",18868,36659
477,"lincoln, il",26519,13524
478,"lincoln, ne",31301,289102
479,"little rock-north little rock-conway, ar",30107,110284
480,"lock haven, pa",19221,9083
481,"logan, ut-id",19274,51542
482,"logan, wv",21936,32019
483,"logansport, in",19927,17584
484,"london, ky",24604,8068
485,"longview, tx",26318,81631
486,"longview, wa",27707,38440
487,"los alamos, nm",60885,12019
488,"los angeles-long beach-anaheim, ca",32016,1597523
489,"louisville/jefferson county, ky-in",30943,617638
490,"lubbock, tx",27496,258862
491,"ludington, mi",28321,8108
492,"lufkin, tx",23489,35021
493,"lumberton, nc",20108,20484
494,"lynchburg, va",23863,82168
495,"macomb, il",21063,17413
496,"macon, ga",17883,12947
497,"madera, ca",17866,65860
498,"madison, in",24156,11861
499,"madison, wi",38285,259680
500,"madisonville, ky",24158,18621
501,"magnolia, ar",20020,11467
502,"malone, ny",24163,5600
503,"malvern, ar",19968,10931
504,"manchester-nashua, nh",35897,101014
505,"manhattan, ks",26640,54604
506,"manitowoc, wi",27826,32579
507,"mankato-north mankato, mn",31485,28439
508,"mansfield, oh",20452,46599
509,"marietta, oh",27820,13356
510,"marinette, wi-mi",27021,10539
511,"marion, in",18867,27930
512,"marion, nc",18178,7891
513,"marion, oh",18801,35883
514,"marquette, mi",25601,20995
515,"marshall, mn",27571,13487
516,"marshall, mo",20279,12841
517,"marshall, tx",21090,22831
518,"marshalltown, ia",24600,26666
519,"martin, tn",18576,10484
520,"martinsville, va",22836,12554
521,"maryville, mo",19215,11599
522,"mason city, ia",30429,26931
523,"mayfield, ky",18534,9817
524,"maysville, ky",26507,8728
525,"mcalester, ok",24512,17814
526,"mcallen-edinburg-mission, tx",21760,109589
527,"mccomb, ms",13607,13013
528,"mcminnville, tn",21858,13769
529,"mcpherson, ks",31683,13061
530,"meadville, pa",23670,12655
531,"medford, or",27061,83072
532,"memphis, tn-ms-ar",25605,651073
533,"menomonie, wi",22934,16551
534,"merced, ca",20488,83676
535,"meridian, ms",23116,36347
536,"merrill, wi",26955,9048
537,"mexico, mo",22133,11517
538,"miami, ok",19464,13088
539,"miami-fort lauderdale-west palm beach, fl",35305,254118
540,"michigan city-la porte, in",21909,26292
541,"middlesborough, ky",14632,9084
542,"midland, mi",37878,41701
543,"midland, tx",40252,146038
544,"milledgeville, ga",15928,18704
545,"milwaukee-waukesha-west allis, wi",28892,240782
546,"mineral wells, tx",21171,15213
547,"minneapolis-st. paul-bloomington, mn-wi",37062,274215
548,"minot, nd",35367,47382
549,"missoula, mt",30810,75516
550,"mitchell, sd",30367,15679
551,"moberly, mo",18379,13615
552,"mobile, al",27218,188720
553,"modesto, ca",27358,215196
554,"monroe, la",21532,47294
555,"monroe, mi",25204,19552
556,"montgomery, al",28191,198525
557,"montrose, co",27858,19782
558,"morehead city, nc",33780,9619
559,"morgan city, la",23159,10742
560,"morgantown, wv",25661,30549
561,"morristown, tn",19482,30193
562,"moscow, id",24041,25702
563,"moses lake, wa",25476,24086
564,"moultrie, ga",18771,14211
565,"mount airy, nc",28224,10208
566,"mount pleasant, mi",19984,24797
567,"mount pleasant, tx",19893,15978
568,"mount sterling, ky",20911,7231
569,"mount vernon, il",26267,14723
570,"mount vernon, oh",22881,16769
571,"mount vernon-anacortes, wa",34082,26766
572,"mountain home, ar",27919,12569
573,"mountain home, id",22992,14562
574,"muncie, in",20386,67999
575,"murray, ky",18749,19327
576,"muscatine, ia",26435,23631
577,"muskegon, mi",17495,36565
578,"muskogee, ok",22107,37113
579,"myrtle beach-conway-north myrtle beach, sc-nc",31149,25823
580,"nacogdoches, tx",21671,32877
581,"napa, ca",40414,78130
582,"naples-immokalee-marco island, fl",63718,21396
583,"nashville-davidson--murfreesboro--franklin, tn",38063,300272
584,"natchez, ms-la",18596,14615
585,"natchitoches, la",16392,17485
586,"new bern, nc",29459,29994
587,"new castle, in",20539,17113
588,"new castle, pa",20522,21618
589,"new haven-milford, ct",38233,91722
590,"new orleans-metairie, la",33941,264312
591,"new philadelphia-dover, oh",27536,15066
592,"new ulm, mn",31924,13212
593,"new york-newark-jersey city, ny-nj-pa",34004,2960301
594,"newberry, sc",20091,10199
595,"newport, or",27653,10853
596,"newport, tn",13951,6884
597,"newton, ia",25265,15182
598,"niles-benton harbor, mi",17819,10445
599,"nogales, az",17769,20103
600,"norfolk, ne",28400,24449
601,"north platte, ne",28348,23639
602,"north port-sarasota-bradenton, fl",32586,62816
603,"north vernon, in",26730,6702
604,"north wilkesboro, nc",17517,4194
605,"norwalk, oh",24414,16867
606,"norwich-new london, ct",28029,32813
607,"oak harbor, wa",27856,23565
608,"ocala, fl",27340,60786
609,"ocean city, nj",53652,10971
610,"odessa, tx",30470,123334
611,"ogden-clearfield, ut",23330,59945
612,"ogdensburg-massena, ny",23870,10318
613,"oil city, pa",25249,9618
614,"okeechobee, fl",20628,5816
615,"oklahoma city, ok",30567,655057
616,"olean, ny",27396,13437
617,"olympia-tumwater, wa",34655,38453
618,"omaha-council bluffs, ne-ia",30226,270179
619,"oneonta, ny",21945,13907
620,"ontario, or-id",20456,10994
621,"opelousas, la",17040,15911
622,"orangeburg, sc",18570,12654
623,"orlando-kissimmee-sanford, fl",25146,140535
624,"oshkosh-neenah, wi",29745,46652
625,"oskaloosa, ia",27175,11506
626,"othello, wa",20462,8386
627,"ottawa, ks",24444,12254
628,"ottawa-peru, il",30421,13896
629,"ottumwa, ia",24916,24368
630,"owatonna, mn",32725,25704
631,"owensboro, ky",26305,60131
632,"owosso, mi",22947,14441
633,"oxford, ms",28427,28122
634,"oxford, nc",22377,8886
635,"oxnard-thousand oaks-ventura, ca",38537,393900
636,"ozark, al",24698,14284
637,"paducah, ky-il",32097,24865
638,"pahrump, nv",24882,36441
639,"palatka, fl",16292,10451
640,"palestine, tx",20192,17730
641,"palm bay-melbourne-titusville, fl",26048,81720
642,"pampa, tx",25086,17068
643,"panama city, fl",26517,34667
644,"paragould, ar",22949,28986
645,"paris, tn",19104,10056
646,"paris, tx",20638,24847
647,"parkersburg-vienna, wv",28264,19715
648,"parsons, ks",22273,9477
649,"payson, az",31109,15813
650,"pecos, tx",22354,10461
651,"pensacola-ferry pass-brent, fl",25668,34566
652,"peoria, il",31497,110417
653,"peru, in",20733,11023
654,"philadelphia-camden-wilmington, pa-nj-de-md",24387,575930
655,"phoenix-mesa-scottsdale, az",40508,819024
656,"picayune, ms",19651,10904
657,"pierre, sd",33351,13867
658,"pine bluff, ar",18547,41474
659,"pinehurst-southern pines, nc",46774,15638
660,"pittsburg, ks",20056,20050
661,"pittsburgh, pa",34083,300286
662,"pittsfield, ma",31953,42142
663,"plainview, tx",21129,20143
664,"platteville, wi",21127,12087
665,"plattsburgh, ny",25110,19515
666,"plymouth, in",19036,9982
667,"pocatello, id",24366,56637
668,"point pleasant, wv-oh",27631,4146
669,"ponca city, ok",25838,23660
670,"pontiac, il",21858,11253
671,"poplar bluff, mo",18417,16937
672,"port angeles, wa",27297,20229
673,"port clinton, oh",26118,6176
674,"port lavaca, tx",26592,11854
675,"port st. lucie, fl",27546,201846
676,"portales, nm",17807,11610
677,"portland-south portland, me",37628,45873
678,"portland-vancouver-hillsboro, or-wa",36861,316110
679,"portsmouth, oh",22068,20158
680,"pottsville, pa",26130,13475
681,"prescott, az",36111,44299
682,"price, ut",20407,8332
683,"prineville, or",21368,10734
684,"providence-warwick, ri-ma",33106,130443
685,"provo-orem, ut",23196,107223
686,"pueblo, co",23098,112361
687,"pullman, wa",20201,34506
688,"punta gorda, fl",46684,20369
689,"quincy, il-mo",29049,39949
690,"racine, wi",22808,76760
691,"raleigh, nc",38494,474069
692,"rapid city, sd",31299,77503
693,"raymondville, tx",13007,10880
694,"reading, pa",15654,88375
695,"red bluff, ca",16963,14539
696,"red wing, mn",31881,16320
697,"redding, ca",30199,92590
698,"reno, nv",34475,255601
699,"rexburg, id",14833,29400
700,"richmond, in",23827,35342
701,"richmond, va",33549,230436
702,"richmond-berea, ky",21859,26091
703,"rio grande city, tx",16469,14511
704,"riverside-san bernardino-ontario, ca",22452,244051
705,"riverton, wy",28734,10772
706,"roanoke rapids, nc",23600,14320
707,"roanoke, va",27006,99143
708,"rochelle, il",24988,9052
709,"rochester, mn",39518,118935
710,"rochester, ny",23246,205695
711,"rock springs, wy",33468,22653
712,"rockford, il",25517,145609
713,"rockingham, nc",20999,8659
714,"rocky mount, nc",24480,53922
715,"rolla, mo",21700,20431
716,"rome, ga",25822,36716
717,"roseburg, or",27155,23479
718,"roswell, nm",22119,47551
719,"russellville, ar",20819,29175
720,"ruston, la",18391,21854
721,"rutland, vt",30235,15074
722,"sacramento--roseville--arden-arcade, ca",34564,252662
723,"safford, az",20706,9983
724,"saginaw, mi",16960,48115
725,"salem, oh",27002,11612
726,"salem, or",27454,174365
727,"salina, ks",27745,46550
728,"salinas, ca",21504,155465
729,"salisbury, md-de",21990,32935
730,"salt lake city, ut",36779,200567
731,"san angelo, tx",28910,101004
732,"san antonio-new braunfels, tx",29649,818731
733,"san diego-carlsbad, ca",49776,76916
734,"san francisco-oakland-hayward, ca",48607,491261
735,"san jose-sunnyvale-santa clara, ca",56018,434954
736,"san luis obispo-paso robles-arroyo grande, ca",35340,32419
737,"sandpoint, id",25724,8931
738,"sandusky, oh",23389,24564
739,"sanford, nc",22981,30085
740,"santa cruz-watsonville, ca",30261,59232
741,"santa fe, nm",37081,84683
742,"santa maria-santa barbara, ca",33571,99313
743,"santa rosa, ca",36935,176753
744,"sault ste. marie, mi",24000,13420
745,"savannah, ga",25664,144464
746,"sayre, pa",29424,5366
747,"scottsbluff, ne",25115,14556
748,"scottsboro, al",25467,14436
749,"scranton--wilkes-barre--hazleton, pa",21379,47404
750,"searcy, ar",20772,23660
751,"seattle-tacoma-bellevue, wa",53030,373222
752,"sebastian-vero beach, fl",36342,21810
753,"sebring, fl",24623,10600
754,"sedalia, mo",22557,21629
755,"selinsgrove, pa",23054,5902
756,"selma, al",17773,17231
757,"seneca falls, ny",30259,8622
758,"seneca, sc",27327,8533
759,"sevierville, tn",24350,17117
760,"seymour, in",24378,19959
761,"shawano, wi",26347,8935
762,"shawnee, ok",23138,31436
763,"sheboygan, wi",25730,47965
764,"shelby, nc",23751,20026
765,"shelbyville, tn",19180,22101
766,"shelton, wa",19965,10655
767,"sheridan, wy",32358,17940
768,"sherman-denison, tx",24484,34765
769,"show low, az",25014,11442
770,"shreveport-bossier city, la",26312,127635
771,"sidney, oh",26585,20449
772,"sierra vista-douglas, az",24637,29619
773,"sikeston, mo",24289,16023
774,"silver city, nm",23715,9386
775,"sioux city, ia-ne-sd",26982,82651
776,"sioux falls, sd",33065,183793
777,"snyder, tx",24924,11023
778,"somerset, ky",22751,11585
779,"somerset, pa",26105,5855
780,"sonora, ca",25319,4844
781,"south bend-mishawaka, in-mi",23926,76194
782,"spartanburg, sc",25570,37399
783,"spearfish, sd",32936,11756
784,"spencer, ia",28067,10952
785,"spirit lake, ia",35055,5155
786,"spokane-spokane valley, wa",28651,161570
787,"springfield, il",34607,114230
788,"springfield, ma",21499,153606
789,"springfield, mo",23428,167882
790,"springfield, oh",21715,58877
791,"st. cloud, mn",27183,68462
792,"st. george, ut",28507,89587
793,"st. joseph, mo-ks",25314,74875
794,"st. louis, mo-il",30542,300576
795,"st. marys, ga",29462,18567
796,"starkville, ms",22813,25653
797,"state college, pa",19084,42160
798,"statesboro, ga",14779,32954
799,"staunton-waynesboro, va",28599,23781
800,"steamboat springs, co",46626,13214
801,"stephenville, tx",24810,21247
802,"sterling, co",23133,14495
803,"sterling, il",26067,14463
804,"stevens point, wi",25564,25880
805,"stillwater, ok",22487,50299
806,"stockton-lodi, ca",26514,190141
807,"storm lake, ia",21393,10322
808,"sturgis, mi",19550,10861
809,"sulphur springs, tx",24828,16234
810,"summerville, ga",17374,4320
811,"summit park, ut",62187,7775
812,"sumter, sc",23883,39642
813,"sunbury, pa",21313,9362
814,"susanville, ca",13817,15010
815,"sweetwater, tx",21571,10469
816,"syracuse, ny",23090,142327
817,"tahlequah, ok",21660,16819
818,"talladega-sylacauga, al",20332,13745
819,"tallahassee, fl",27677,194500
820,"tampa-st. petersburg-clearwater, fl",34794,260665
821,"taos, nm",24818,5929
822,"taylorville, il",25257,10360
823,"terre haute, in",20989,60622
824,"texarkana, tx-ar",26279,32987
825,"the dalles, or",27558,15448
826,"the villages, fl",32245,79372
827,"thomaston, ga",19889,8752
828,"thomasville, ga",24313,18518
829,"tiffin, oh",22958,17582
830,"tifton, ga",19775,16838
831,"toccoa, ga",22525,8336
832,"toledo, oh",22438,272779
833,"topeka, ks",27968,125310
834,"torrington, ct",32881,34044
835,"traverse city, mi",37814,15738
836,"trenton, nj",19281,83203
837,"troy, al",22411,18957
838,"truckee-grass valley, ca",39346,14776
839,"tucson, az",23655,548073
840,"tullahoma-manchester, tn",26817,15296
841,"tulsa, ok",30970,401190
842,"tupelo, ms",27501,38312
843,"tuscaloosa, al",26437,101129
844,"twin falls, id",24933,50197
845,"tyler, tx",29335,106985
846,"ukiah, ca",27116,15995
847,"union city, tn-ky",30812,8179
848,"urban honolulu, hi",37834,345064
849,"urbana, oh",22973,11404
850,"utica-rome, ny",24067,45949
851,"uvalde, tx",18950,16001
852,"valdosta, ga",21559,56457
853,"vallejo-fairfield, ca",33250,119412
854,"valley, al",23404,9141
855,"van wert, oh",23644,10676
856,"vermillion, sd",25612,10926
857,"vernal, ut",22847,10438
858,"vernon, tx",22684,10323
859,"vicksburg, ms",22392,21653
860,"victoria, tx",28532,66916
861,"vidalia, ga",29732,10402
862,"vincennes, in",21988,16862
863,"vineland-bridgeton, nj",21339,41799
864,"vineyard haven, ma",36705,2123
865,"virginia beach-norfolk-newport news, va-nc",31966,290647
866,"visalia-porterville, ca",22891,97102
867,"wabash, in",27149,30996
868,"waco, tx",22461,139236
869,"wahpeton, nd-mn",25535,7734
870,"walla walla, wa",25599,32900
871,"wapakoneta, oh",27231,9698
872,"warner robins, ga",27097,77617
873,"warren, pa",27776,9049
874,"warrensburg, mo",23678,20418
875,"warsaw, in",26076,15150
876,"washington court house, oh",24498,14091
877,"washington, in",21175,12528
878,"washington, nc",24652,9497
879,"washington-arlington-alexandria, dc-va-md-wv",63555,357601
880,"waterloo-cedar falls, ia",31247,53932
881,"watertown, sd",28902,22174
882,"watertown-fort atkinson, wi",27768,17950
883,"watertown-fort drum, ny",21624,18896
884,"wauchula, fl",20543,4803
885,"wausau, wi",30593,38561
886,"waycross, ga",18264,13480
887,"weatherford, ok",24983,12017
888,"weirton-steubenville, wv-oh",24489,18009
889,"wenatchee, wa",28630,34360
890,"west plains, mo",22764,12304
891,"wheeling, wv-oh",30615,26430
892,"whitewater-elkhorn, wi",22173,12457
893,"wichita falls, tx",24330,104683
894,"wichita, ks",28806,389938
895,"williamsport, pa",24358,28186
896,"williston, nd",43515,29033
897,"willmar, mn",24682,19869
898,"wilmington, nc",31846,123744
899,"wilmington, oh",23723,12366
900,"wilson, nc",24444,49459
901,"winchester, va-wv",30859,28078
902,"winnemucca, nv",39332,7754
903,"winona, mn",27540,26594
904,"winston-salem, nc",28821,247945
905,"wisconsin rapids-marshfield, wi",30242,18040
906,"woodward, ok",27414,12121
907,"wooster, oh",27338,26394
908,"worcester, ma-ct",27884,185428
909,"worthington, mn",22259,13099
910,"yakima, wa",23514,93637
911,"yankton, sd",30204,14687
912,"york-hanover, pa",23276,29825
913,"youngstown-warren-boardman, oh-pa",23098,46532
914,"yuba city, ca",26278,67010
915,"yuma, az",23613,98285
916,"zanesville, oh",19073,25158
917,"zapata, tx",18217,5089